fecha_de_pago,cod_sucursal,importe_concepto
7,98,140145070.59499982
7,241,977301.9279999997
7,519,3621125310.579991
7,671,241882867.53100044
7,716,141487781.86899984
